variable,distribution,probability,empirical,fitted,error
strength,normal,0.01,6.88447301808,-2.6150022731400284,-9.499475291220028
strength,normal,0.05,10.7676845872,8.477477689425807,-2.2902068977741923
strength,normal,0.5,33.79811352,35.25027287623584,1.452159356235839
strength,normal,0.95,65.8650513011624,62.02306806304586,-3.8419832381165335
strength,normal,0.99,75.4772135104,73.1155480256117,-2.361665484788304
strength,lognormal,0.01,6.88447301808,8.672366674697733,1.787893656617733
strength,lognormal,0.05,10.7676845872,12.594457165684092,1.8267725784840927
strength,lognormal,0.5,33.79811352,30.994410711943956,-2.8037028080560447
strength,lognormal,0.95,65.8650513011624,76.27589524049853,10.410843939336132
strength,lognormal,0.99,75.4772135104,110.77178023196868,35.29456672156867
strength,gamma,0.01,6.88447301808,7.341971590418307,0.4574985723383076
strength,gamma,0.05,10.7676845872,12.13501112648307,1.36732653928307
strength,gamma,0.5,33.79811352,32.39199239413906,-1.4061211258609418
strength,gamma,0.95,65.8650513011624,68.12699503236387,2.2619437312014696
strength,gamma,0.99,75.4772135104,88.16150565649897,12.684292146098969
strength,exponential,0.01,6.88447301808,0.35427708133374247,-6.530195936746257
strength,exponential,0.05,10.7676845872,1.8081026238822526,-8.959581963317747
strength,exponential,0.5,33.79811352,24.433627258131587,-9.364486261868414
strength,exponential,0.95,65.8650513011624,105.60038010692453,39.73532880576214
strength,exponential,0.99,75.4772135104,162.33350569758596,86.85629218718596
w_c,normal,0.01,0.293816631130064,0.02721944370416196,-0.26659718742590205
w_c,normal,0.05,0.3611764705882353,0.24077806569181504,-0.12039840489642029
w_c,normal,0.5,0.6895306859205776,0.7562228775055905,0.06669219158501283
w_c,normal,0.95,1.3684598378776711,1.2716676893193657,-0.09679214855830542
w_c,normal,0.99,1.6598694942903751,1.485226311307019,-0.17464318298335613
w_c,lognormal,0.01,0.293816631130064,0.2706187251237086,-0.023197906006355407
w_c,lognormal,0.05,0.3611764705882353,0.3569761408722214,-0.0042003297160139175
w_c,lognormal,0.5,0.6895306859205776,0.6965464632628198,0.007015777342242124
w_c,lognormal,0.95,1.3684598378776711,1.3591299807838149,-0.009329857093856253
w_c,lognormal,0.99,1.6598694942903751,1.7928433269432948,0.13297383265291973
w_c,gamma,0.01,0.293816631130064,0.23194662386684453,-0.06187000726321948
w_c,gamma,0.05,0.3611764705882353,0.33605415622545426,-0.025122314362781062
w_c,gamma,0.5,0.6895306859205776,0.7162613979541117,0.026730712033534054
w_c,gamma,0.95,1.3684598378776711,1.312813472418906,-0.05564636545876511
w_c,gamma,0.99,1.6598694942903751,1.6311743956856675,-0.028695098604707647
w_c,exponential,0.01,0.293816631130064,0.007600293899032465,-0.28621633723103157
w_c,exponential,0.05,0.3611764705882353,0.03878916267849482,-0.3223873079097405
w_c,exponential,0.5,0.6895306859205776,0.5241737554179289,-0.16535693050264877
w_c,exponential,0.95,1.3684598378776711,2.265441280143363,0.8969814422656921
w_c,exponential,0.99,1.6598694942903751,3.4825350494508696,1.8226655551604944
