variable,count,mean,median,std,min,Q1,Q3,max,skewness
cement,1005,278.62905472636817,265.0,104.34500276101967,102.0,190.68,349.0,540.0,0.5649968253374684
slag,1005,72.04313432835822,20.0,86.17055515848543,0.0,0.0,142.5,359.4,0.8552462200764344
fly_ash,1005,55.53507462686567,0.0,64.20744844933418,0.0,0.0,118.27,200.1,0.4973236694726108
water,1005,182.07437810945274,185.7,21.34073965588068,121.75,166.61,192.94,247.0,0.034118730411480364
superplasticizer,1005,6.031646766169154,6.1,5.91955899580221,0.0,0.0,10.0,32.2,0.9815716356732401
coarse_agg,1005,974.3764676616915,968.0,77.57953371703897,801.0,932.0,1031.0,1145.0,-0.0652422120709076
fine_agg,1005,772.686616915423,780.0,80.33985105058504,594.0,724.3,822.2,992.6,-0.25232271145565754
age,1005,45.85671641791045,28.0,63.73469167941662,1.0,7.0,56.0,365.0,3.2539737173312044
strength,1005,35.25027287623583,33.79811352,16.284807653950796,2.331807832,23.523542168,44.868340176000004,82.5992248,0.3956529411333876
log_age,1005,3.244972804848965,3.367295829986474,1.1089505719451418,0.6931471805599453,2.0794415416798357,4.04305126783455,5.902633333401366,0.005713354025835515
w_c,1005,0.7562228775055905,0.6895306859205776,0.31352421583345064,0.26689252776209305,0.5474646226415094,0.9375296068214117,1.8823529411764706,0.9404411149103908
