variable,IQR,Z-score,Modified Z-score,IQR_lower,IQR_upper,MAD,ghi_chu_MZ
cement,0,0,0,-46.79999999999998,586.48,74.66,Áp dụng
slag,2,4,301,-213.75,356.25,20.0,Áp dụng
fly_ash,0,0,,-177.405,295.675,0.0,Không áp dụng vì MAD = 0
water,15,2,0,127.11500000000004,232.43499999999997,12.699999999999989,Áp dụng
superplasticizer,10,10,0,-15.0,25.0,5.5600000000000005,Áp dụng
coarse_agg,0,0,0,783.5,1179.5,46.299999999999955,Áp dụng
fine_agg,5,0,0,577.4499999999998,969.0500000000002,45.700000000000045,Áp dụng
age,59,33,59,-66.5,129.5,21.0,Áp dụng
strength,8,0,0,-8.493654844000012,76.88553718800001,10.7213518,Áp dụng
w_c,18,8,18,-0.03763285362834412,1.5226270830912654,0.18411678441865664,Áp dụng
