variable,coefficient,std_error,t_statistic,p_value,ci_95_low,ci_95_high
const,-74.10613611888861,20.195070053210646,-3.6695161702153687,0.00025922284429896834,-113.74809824470414,-34.46417399307309
cement,0.13033932614109417,0.0063632624844623936,20.483097539878713,3.3203524180449164e-75,0.11784854449284841,0.14283010778933994
slag,0.11003323674982163,0.00770389773848262,14.282800795781858,2.308976226163499e-41,0.09491085185264564,0.12515562164699762
fly_ash,0.09238820598660479,0.009427286209798017,9.800084979979008,1.7474849415771764e-21,0.07388289147700634,0.11089352049620323
water,-0.1226722333987334,0.030252790816630137,-4.054906343757871,5.5091374800485276e-05,-0.182057023082214,-0.0632874437152528
superplasticizer,0.1285628624690201,0.07125471960704495,1.8042715370717577,0.07156711168065967,-0.011306763558794009,0.2684324884968342
coarse_agg,0.026524868389395145,0.007155117970248982,3.7071182473420685,0.00022417747614087604,0.012479712079711625,0.040570024699078666
fine_agg,0.03357216962157221,0.008130054660227372,4.129390394606929,4.0220018060683596e-05,0.017613258953158604,0.04953108028998582
log_age,9.103892047169694,0.23290423392105017,39.08856397284615,2.7537944184035987e-187,8.646712111882838,9.56107198245655
