,cement,slag,fly_ash,water,superplasticizer,coarse_agg,fine_agg,age,log_age,w_c,strength
cement,1.0,-0.28472767627575085,-0.407006683326957,-0.06079854210208802,-0.004460791549772973,-0.11956569859579669,-0.1885053059015977,0.005293209283378644,0.005293209283378644,-0.956682316388776,0.46139734427341894
slag,-0.28472767627575085,1.0,-0.22905778809507543,0.07343858164053563,0.06712804785044775,-0.34143681673469345,-0.30023265563698853,-0.017303602764000125,-0.017303602764000125,0.293470790038704,0.13862598959481756
fly_ash,-0.407006683326957,-0.22905778809507543,1.0,-0.31442253067979886,0.5017043267640405,0.04465386911171043,0.057270284422176514,0.0032563160805204835,0.0032563160805204835,0.3034890447214521,-0.0564571875973569
water,-0.06079854210208802,0.07343858164053563,-0.31442253067979886,1.0,-0.6720223199729718,-0.2560067047401825,-0.3378959341500619,0.09481095331896686,0.09481095331896686,0.315624507885628,-0.2842135600824212
superplasticizer,-0.004460791549772973,0.06712804785044775,0.5017043267640405,-0.6720223199729718,1.0,-0.17047924180496768,0.15692282302255678,-0.008588127822041393,-0.008588127822041393,-0.17696885651284844,0.3218145629537634
coarse_agg,-0.11956569859579669,-0.34143681673469345,0.04465386911171043,-0.2560067047401825,-0.17047924180496768,1.0,-0.08980132140468995,-0.04780978646285216,-0.04780978646285216,0.03584077091090193,-0.1628431886810158
fine_agg,-0.1885053059015977,-0.30023265563698853,0.057270284422176514,-0.3378959341500619,0.15692282302255678,-0.08980132140468995,1.0,-0.058453344642166505,-0.058453344642166505,0.07497636709450413,-0.19331857050211426
age,0.005293209283378644,-0.017303602764000125,0.0032563160805204835,0.09481095331896686,-0.008588127822041393,-0.04780978646285216,-0.058453344642166505,1.0,1.0,0.02862585093263356,0.6053968777272976
log_age,0.005293209283378644,-0.017303602764000125,0.0032563160805204835,0.09481095331896686,-0.008588127822041393,-0.04780978646285216,-0.058453344642166505,1.0,1.0,0.02862585093263356,0.6053968777272976
w_c,-0.956682316388776,0.293470790038704,0.3034890447214521,0.315624507885628,-0.17696885651284844,0.03584077091090193,0.07497636709450413,0.02862585093263356,0.02862585093263356,1.0,-0.5038337338649157
strength,0.46139734427341894,0.13862598959481756,-0.0564571875973569,-0.2842135600824212,0.3218145629537634,-0.1628431886810158,-0.19331857050211426,0.6053968777272976,0.6053968777272976,-0.5038337338649157,1.0
